{
    "lighting": "none",
    "matrix": {
        "rows": 8,
        "cols": 12
    },
    "layouts": {
        "keymap":[
            [
              {
                "r": 10,
                "rx": 1,
                "y": -0.09999999999999998,
                "x": 2
              },
              "0,3"
            ],
            [
              {
                "y": -0.65,
                "x": 1
              },
              "0,2",
              {
                "x": 1
              },
              "0,4"
            ],
            [
              {
                "y": -0.75,
                "x": -1
              },
              "0,0",
              "0,1"
            ],
            [
              {
                "y": -0.9,
                "x": 4
              },
              "0,5"
            ],
            [
              {
                "y": -0.7000000000000001,
                "x": 2
              },
              "1,3"
            ],
            [
              {
                "y": -0.6499999999999999,
                "x": 1
              },
              "1,2",
              {
                "x": 1
              },
              "1,4"
            ],
            [
              {
                "y": -0.75,
                "x": -1
              },
              "1,0",
              "1,1"
            ],
            [
              {
                "y": -0.8999999999999999,
                "x": 4
              },
              "1,5"
            ],
            [
              {
                "y": -0.7000000000000002,
                "x": 2
              },
              "2,3"
            ],
            [
              {
                "y": -0.6499999999999999,
                "x": 1
              },
              "2,2",
              {
                "x": 1
              },
              "2,4"
            ],
            [
              {
                "y": -0.75,
                "x": -1
              },
              "2,0",
              "2,1"
            ],
            [
              {
                "y": -0.8999999999999999,
                "x": 4
              },
              "2,5"
            ],
            [
              {
                "y": -0.3500000000000001,
                "x": 1
              },
              "3,1",
              "3,2"
            ],
            [
              {
                "y": -0.75,
                "x": 3
              },
              "3,3"
            ],
            [
              {
                "y": -0.8999999999999999,
                "x": 5
              },
              "3,5"
            ],
            [
              {
                "y": -0.5999999999999996,
                "x": 4
              },
              "3,4"
            ],
            [
              {
                "r": -10,
                "rx": 7,
                "ry": 0.965,
                "y": -0.20000000000000018,
                "x": 2
              },
              "4,2"
            ],
            [
              {
                "y": -0.6499999999999999,
                "x": 1
              },
              "4,1",
              {
                "x": 1
              },
              "4,3"
            ],
            [
              {
                "y": -0.7819999999999998,
                "x": 5
              },
              "4,5"
            ],
            [
              {
                "y": -0.9680000000000004,
                "x": 4
              },
              "4,4"
            ],
            [
              {
                "y": -0.8999999999999999
              },
              "4,0"
            ],
            [
              {
                "y": -0.7000000000000002,
                "x": 2
              },
              "5,2"
            ],
            [
              {
                "y": -0.6499999999999999,
                "x": 1
              },
              "5,1",
              {
                "x": 1
              },
              "5,3"
            ],
            [
              {
                "y": -0.7819999999999996,
                "x": 5
              },
              "5,5"
            ],
            [
              {
                "y": -0.9680000000000004,
                "x": 4
              },
              "5,4"
            ],
            [
              {
                "y": -0.8999999999999999
              },
              "5,0"
            ],
            [
              {
                "y": -0.7000000000000002,
                "x": 2
              },
              "6,2"
            ],
            [
              {
                "y": -0.6499999999999999,
                "x": 1
              },
              "6,1",
              {
                "x": 1
              },
              "6,3"
            ],
            [
              {
                "y": -0.7850000000000001,
                "x": 5
              },
              "6,5"
            ],
            [
              {
                "y": -0.9650000000000003,
                "x": 4
              },
              "6,4"
            ],
            [
              {
                "y": -0.9000000000000004
              },
              "6,0"
            ],
            [
              {
                "y": -0.3650000000000002,
                "x": 2
              },
              "7,3"
            ],
            [
              {
                "y": -0.9849999999999994,
                "x": 3
              },
              "7,4"
            ],
            [
              {
                "y": -0.8650000000000002,
                "x": -1
              },
              "7,0",
              {
                "x": 1
              },
              "7,2"
            ],
            [
              {
                "y": -0.5
              },
              "7,1"
            ]
          ]



    }
}
